N; Pattern; Power; Rx Angle; Tx Angle; a; c; x; y; b
0;N/A;-42.47576392936706;20.071100412918256;-49.06688614297003;3595.34375;4209.604166666667;2201.4479166666665;1926.625;815.0;
