N; Pattern; Power; Rx Angle; Tx Angle; a; c; x; y; b
0;N/A;-49.07595976257324;58.946712852435;-51.700637874887576;3631.21875;4269.5;4134.78125;3437.6666666666665;815.0;
