N; Pattern; Power; Rx Angle; Tx Angle; a; c; x; y; b
0;N/A;-39.82441952896118;24.61333699761994;-49.74228169405772;3598.8541666666665;4219.395833333333;1724.1666666666667;1394.5625;815.0;
