N; Pattern; Power; Rx Angle; Tx Angle; a; c; x; y; b
0;N/A;-46.962077211380006;72.22732471985027;-49.94445702198646;3601.25;4223.65625;4069.9375;3294.28125;815.0;
