N; Pattern; Power; Rx Angle; Tx Angle; a; c; x; y; b
0;N/A;-44.99466064834595;-3.504314307514266;-52.174752606873426;3629.4479166666665;4271.90625;2408.2604166666665;2457.375;815.0;
