N; Pattern; Power; Rx Angle; Tx Angle; a; c; x; y; b
0;N/A;-47.62619389152527;53.90602202646359;-49.45360538348693;3593.5625;4211.427083333333;3122.7604166666665;2466.6666666666665;815.0;
