N; Pattern; Power; Rx Angle; Tx Angle; a; c; x; y; b
0;N/A;-50.09625047111511;69.744938523043;-49.50111914906864;3602.84375;4221.15625;3434.1458333333335;2670.375;815.0;
