N; Pattern; Power; Rx Angle; Tx Angle; a; c; x; y; b
0;N/A;-48.78627154541016;55.625904698204145;-51.4191468643436;3633.15625;4268.9375;4388.65625;3717.0729166666665;815.0;
