N; Pattern; Power; Rx Angle; Tx Angle; a; c; x; y; b
0;N/A;-50.23832523727417;12.165328434349695;-51.5386646716782;3631.09375;4267.9375;2585.53125;2415.9791666666665;815.0;
