N; Pattern; Power; Rx Angle; Tx Angle; a; c; x; y; b
0;N/A;-43.87240452957153;61.24491194360145;-48.68213930914486;3595.4791666666665;4206.125;3602.3125;2889.1354166666665;815.0;
