N; Pattern; Power; Rx Angle; Tx Angle; a; c; x; y; b
0;N/A;-46.26587910270691;48.594947262873205;-51.87162758601477;3628.96875;4268.760416666667;3968.375;3358.75;815.0;
